Interval Start Time,Interval Number,Event Count
1712188343.5050552,0,0
1712188345.5050552,1,0
1712188347.5072002,2,0
1712188349.5084958,3,0
1712188351.5106416,4,0
1712188353.5124943,5,0
