Interval Start Time,Interval Number,Event Count
1710976551.977018,0,0
1710976553.977018,1,2
1710976563.9871714,2,2
1710976573.997299,3,0
1710976584.007423,4,0
1710976594.0175464,5,2
1710976604.0276794,6,0
1710976614.0378122,7,0
1710976624.047988,8,0
1710976634.0581155,9,2
1710976644.0682466,10,0
1710976654.0783916,11,0
1710976664.0885117,12,4
